Year,"Population, male (% of total population)","Population, male","Population, female (% of total population)","Population, female","Population, total",Population growth (annual %),"Age dependency ratio, young (% of working-age population)","Age dependency ratio, old (% of working-age population)",Age dependency ratio (% of working-age population),Sex ratio at birth (male births per female births),"Population ages 80 and above, male (% of male population)","Population ages 80 and above, female (% of female population)","Population ages 75-79, male (% of male population)","Population ages 75-79, female (% of female population)","Population ages 70-74, male (% of male population)","Population ages 70-74, female (% of female population)",Population ages 65 and above (% of total population),"Population ages 65 and above, total","Population ages 65 and above, male (% of male population)","Population ages 65 and above, male","Population ages 65 and above, female (% of female population)","Population ages 65 and above, female","Population ages 65-69, male (% of male population)","Population ages 65-69, female (% of female population)","Population ages 60-64, male (% of male population)","Population ages 60-64, female (% of female population)","Population ages 55-59, male (% of male population)","Population ages 55-59, female (% of female population)","Population ages 50-54, male (% of male population)","Population ages 50-54, female (% of female population)","Population ages 45-49, male (% of male population)","Population ages 45-49, female (% of female population)","Population ages 40-44, male (% of male population)","Population ages 40-44, female (% of female population)","Population ages 35-39, male (% of male population)","Population ages 35-39, female (% of female population)","Population ages 30-34, male (% of male population)","Population ages 30-34, female (% of female population)","Population ages 25-29, male (% of male population)","Population ages 25-29, female (% of female population)","Population ages 20-24, male (% of male population)","Population ages 20-24, female (% of female population)",Population ages 15-64 (% of total population),"Population ages 15-64, total","Population ages 15-64, male (% of male population)","Population ages 15-64, male","Population ages 15-64, female (% of female population)","Population ages 15-64, female","Population ages 15-19, male (% of male population)","Population ages 15-19, female (% of female population)","Population ages 10-14, male (% of male population)","Population ages 10-14, female (% of female population)","Population ages 05-09, male (% of male population)","Population ages 05-09, female (% of female population)",Population ages 0-14 (% of total population),"Population ages 0-14, total","Population ages 0-14, male (% of male population)","Population ages 0-14, male","Population ages 0-14, female (% of female population)","Population ages 0-14, female","Population ages 00-04, male (% of male population)","Population ages 00-04, female (% of female population)","Survival to age 65, male (% of cohort)","Survival to age 65, female (% of cohort)","Fertility rate, total (births per woman)","Life expectancy at birth, male (years)","Life expectancy at birth, total (years)","Life expectancy at birth, female (years)","Mortality rate, infant, male (per 1,000 live births)","Mortality rate, infant (per 1,000 live births)","Mortality rate, infant, female (per 1,000 live births)","Death rate, crude (per 1,000 people)","Birth rate, crude (per 1,000 people)","Mortality rate, adult, male (per 1,000 male adults)","Mortality rate, adult, female (per 1,000 female adults)","Adolescent fertility rate (births per 1,000 women ages 15-19)",Refugee population by country or territory of asylum,Net migration,"Physicians (per 1,000 people)","Mortality rate, under-5, male (per 1,000 live births)","Mortality rate, under-5, female (per 1,000 live births)","Mortality rate, under-5 (per 1,000 live births)",Number of neonatal deaths,Number of under-five deaths,Number of infant deaths
1961,50.51825893,9230191,49.48174107,9040809,18271000,1.999184557,57.99744297,13.14853825,71.14598123,1.056,1.159437308,1.467938387,1.452302631,1.555124635,2.119628487,2.278355216,7.682646258,1403696,7.33165308,676726,8.040991858,726971,2.600284654,2.739573621,3.172496441,3.225703172,3.93567297,3.820833504,4.804779741,4.657101524,5.585683526,5.530009112,6.080524748,6.205474436,6.827046431,7.060991224,6.964726497,6.927482961,6.635220511,6.577018242,6.415306124,6.633968275,58.42964943,10675681,58.37650504,5388263,58.48390707,5287418,7.955048054,7.845324617,10.26700617,10.04362133,11.52095635,11.23601644,33.88770431,6191622,34.29184188,3165203,33.47510107,3026420,12.50387936,12.19546331,68.804304,81.220354,3.753,68.39,71.34609756,74.45,30.1,26.9,23.5,7.7,26,190.728,106.471,55.546,44492,24186,1.1,35.2,27.7,31.5,,14726,12582
1962,50.44881297,9390542,49.5511924,9223459,18614000,1.859888233,58.08811752,13.16374241,71.25185993,1.054,1.183160619,1.506129415,1.449032473,1.577654022,2.079815523,2.264512411,7.68677092,1430816,7.292071536,684765,8.088620289,746051,2.580062921,2.740324441,3.184379065,3.234331898,3.966853195,3.855831967,4.838366401,4.709006742,5.55990225,5.534433219,6.076105366,6.228980503,6.776374021,6.962118563,6.808248201,6.726342031,6.435119652,6.420238386,6.469606993,6.672584786,58.3935267,10869371,58.33632747,5478097,58.4517621,5391274,8.221372327,8.107894003,10.39695941,10.15817396,11.55386068,11.22080204,33.91970238,6313813,34.37160099,3227680,33.45961761,3086134,12.4207809,12.08064161,68.827548,81.017359,3.681,68.45,71.36707317,74.43,29,26,22.8,7.7,25.2,191.161,108.087,52.37,12282,26210,1.2,34,26.8,30.5,,14127,12032
1963,50.38138992,9554327,49.61861008,9409673,18964000,1.862845928,57.85989976,13.14382374,71.00372351,1.054,1.204412307,1.541795418,1.43749281,1.595353478,2.04173917,2.25112234,7.686279465,1457626,7.246870676,692390,8.132443245,765236,2.563226389,2.744172009,3.199844024,3.246490627,4.000677349,3.900580985,4.874011239,4.762795107,5.51186346,5.516559867,6.09918657,6.276518092,6.696695017,6.815317595,6.642540616,6.532558871,6.261534686,6.295619032,6.616321348,6.779840625,58.47826042,11089817,58.41838596,5581484,58.53905532,5508334,8.515711656,8.412774514,10.46508702,10.20024224,11.60125704,11.23669667,33.83546012,6416557,34.33474336,3280454,33.32850144,3136103,12.2683993,11.89156254,68.747496,81.158174,3.607,68.41,71.38073171,74.5,28,25,21.9,7.8,24.6,191.753,106.692,50.662,10946,40913,1.3,32.8,25.7,29.4,,13490,11460
1964,50.32120435,9724573,49.67879047,9600426,19325000,1.885714943,57.30695521,13.1127968,70.41975201,1.056,1.226221603,1.580821252,1.419985449,1.606495432,2.012793411,2.250058079,7.69441124,1486945,7.208058248,700953,8.187053433,785992,2.549057784,2.749678669,3.222763488,3.268500213,4.035391207,3.94773591,4.910994232,4.822631774,5.454014222,5.493706936,6.140773588,6.325274366,6.609985635,6.65718996,6.491237929,6.368795487,6.1507682,6.223442131,6.803070834,6.932309894,58.67864642,11339648,58.61764036,5700315,58.74044138,5639333,8.798641021,8.700854711,10.51328242,10.20639802,11.64277634,11.26453358,33.62694234,6498407,34.1743014,3323305,33.07250519,3175101,12.01824263,11.60157359,68.682657,81.667682,3.456,68.63,71.77634146,75.08,27,24,21,7.5,23.4,191.376,104.377,48.539,10178,58965,1.3,31.6,24.8,28.2,,12758,10804
1965,50.26804318,9891746,49.73195682,9786254,19678000,1.810166597,56.43951602,13.08887921,69.52839523,1.056,1.250331281,1.624270244,1.400091157,1.61395531,1.99232569,2.26605831,7.720758065,1519291,7.182846179,710509,8.264468381,808782,2.54009805,2.760184517,3.252114214,3.303970494,4.073626247,3.996771528,4.939398376,4.87671713,5.41317994,5.484159529,6.181838518,6.348208898,6.528083715,6.50843251,6.365037222,6.235566752,6.124155403,6.211663678,7.015465117,7.136106478,58.98716809,11607495,58.93591678,5829791,59.03897186,5777704,9.043018024,8.937374868,10.57450018,10.21974589,11.65878412,11.29043097,33.29207385,6551214,33.88123704,3351446,32.69655975,3199768,11.64795274,11.1863829,69.055498,81.855963,3.115,68.76,71.87219512,75.14,25.7,23.1,20.2,7.6,21.3,192.02,105.284,47.892,9980,103588,1.3,30.2,23.9,27.1,,11684,9818
1966,50.22550724,10069210,49.77449775,9978791,20048000,1.862813771,55.23739406,13.04550924,68.2829033,1.054,1.264444596,1.663559362,1.382732966,1.628272225,1.971633327,2.28437756,7.752129027,1554147,7.156183288,720571,8.353474633,833576,2.537372399,2.777265487,3.2862723,3.350700248,4.117869819,4.056417946,4.946712405,4.915926455,5.403887275,5.50063607,6.20494227,6.33432912,6.444234231,6.361567083,6.262944771,6.127910638,6.192651795,6.267421302,7.29405898,7.403947611,59.42374141,11913272,59.40492561,5981607,59.4427277,5931666,9.251351766,9.123871225,10.65489812,10.26741489,11.62768222,11.26210644,32.82412956,6580581,33.4388911,3367032,32.20379767,3213550,11.15631076,10.67427633,69.02617,82.034896,2.749,68.78,72.00439024,75.39,24.6,22.1,19.5,7.5,19.3,193.593,104.174,46.879,10225,135984,1.3,28.9,23,26,,10455,8693
1967,50.19582959,10245973,49.80417041,10166027,20412000,1.799356505,53.75716509,12.98741974,66.74458482,1.052,1.273112332,1.70385653,1.368260805,1.655160438,1.945560275,2.289242685,7.788811278,1589852,7.133172719,730863,8.449605768,858989,2.546239307,2.801346116,3.326530971,3.40450568,4.172495287,4.138479112,4.927181694,4.937667625,5.430398702,5.552013664,6.200274502,6.283488094,6.345491356,6.206299451,6.175577094,6.042319703,6.346672537,6.388623247,7.648011175,7.714692751,59.97196204,12241477,60.00381687,6147975,59.93985671,6093502,9.431183553,9.271767384,10.73981427,10.34339624,11.53456807,11.14015462,32.23922668,6580671,32.86301041,3367135,31.61053752,3213536,10.58862806,10.12698666,69.124165,82.193804,2.528,68.92,72.20780488,75.66,23.5,21.2,18.7,7.4,18.2,193.039,103.892,44.706,9991,124220,1.3,27.7,22.1,25,,9487,7848
1968,50.16749768,10406746,49.83250232,10337254,20744000,1.613408503,52.17182785,12.95204291,65.12387076,1.057,1.28435235,1.748594723,1.353117022,1.683384732,1.920560171,2.288951015,7.843833727,1627125,7.13204639,742214,8.560405969,884911,2.574016848,2.839475498,3.373228285,3.46476352,4.237065245,4.23757015,4.887824985,4.940293221,5.493707893,5.634421002,6.161456892,6.188560733,6.239047902,6.057017943,6.103013651,5.97870207,6.563858098,6.567469788,8.005329839,8.025610481,60.56059618,12562690,60.64352272,6311017,60.47711218,6251673,9.578989931,9.382703275,10.8249506,10.42538557,11.39579737,10.96246055,31.59557009,6554185,32.22443089,3353515,30.96248185,3200670,10.00368293,9.574635724,69.755129,82.49352,2.386,69.09,72.35341463,75.78,22.6,20.3,17.9,7.4,17.6,189.613,103.251,42.842,17950,103269,1.3,26.6,21.2,24,,8808,7300
1969,50.13063649,10541470,49.86936351,10486530,21028000,1.359783472,50.56099607,12.94719233,63.50818839,1.057,1.293808898,1.797403535,1.336177168,1.70393857,1.90391673,2.295263679,7.918374016,1665076,7.152939971,754025,8.687818247,911051,2.619037176,2.891212463,3.424152854,3.531167191,4.300727942,4.336978378,4.84581103,4.934042564,5.575982051,5.722312387,6.092163672,6.053944271,6.139136261,5.928351916,6.061706884,5.943719677,6.831965354,6.790247802,8.309586633,8.313672388,61.15901636,12860518,61.29085948,6460958,61.0264825,6399560,9.709626796,9.472045929,10.89602845,10.48550778,11.2010231,10.7411541,30.92260962,6502406,31.55620055,3326487,30.28569925,3175919,9.459148998,9.059037368,69.868064,82.587956,2.334,69.16,72.50146341,76.01,21.7,19.4,17,7.3,17.6,190.227,103.714,42.404,19275,85859,1.4,25.6,20.2,23,,8358,6978
1970,50.1342807,10690634,49.8657193,10633366,21324000,1.3978316,48.70293918,12.90342383,61.606363,1.06,1.291839594,1.837815313,1.311842254,1.713139329,1.893952683,2.308709,7.984477604,1702610,7.167843019,766288,8.80551033,936322,2.670208488,2.945846688,3.470580085,3.597233327,4.338422852,4.409835201,4.808613306,4.930445845,5.634994409,5.766254891,6.01237885,5.897194613,6.05652987,5.814970773,6.102193071,5.955837046,7.191777348,7.064789972,8.629958801,8.641095397,61.87875086,13195025,62.09167053,6637993,61.66468448,6557032,9.846221935,9.587027411,10.88920779,10.48121693,10.89279514,10.45081979,30.13677154,6426365,30.74048645,3286353,29.52980519,3140012,8.958483524,8.597768481,69.995557,82.900937,2.258,69.32,72.7004878,76.25,20.8,18.5,16.1,7.3,17.4,187.159,102.565,42.661,18518,295787,1.4,24.5,19.2,22,4838,8006,6728
1971,50.16818968,11017954,49.83181032,10944078,21962032,2.948194528,46.76780482,12.83857076,59.60637558,1.062,1.281623043,1.870259293,1.286094339,1.719134267,1.898293203,2.325600904,8.043895659,1766603,7.180652416,791161,8.912966049,975442,2.714641831,2.997971584,3.516479233,3.662934534,4.336365741,4.439279305,4.819967009,4.970971875,5.637294587,5.740578179,5.953973508,5.765693867,5.976248034,5.716310529,6.232810322,6.026765925,7.591674791,7.405497581,8.902907654,8.895954857,62.65413961,13760122,62.95569209,6936429,62.35055157,6823693,9.98797121,9.726564917,10.82057951,10.42351954,10.4891526,10.08675662,29.30196473,6435307,29.8636555,3290364,28.73648238,3144943,8.553923385,8.22620622,70.526517,83.529901,2.141,69.6,73.02926829,76.63,19.8,17.6,15.3,7.3,16.8,186.309,98.61,39.926,17196,196732,1.5,23.4,18.3,20.9,4531,7603,6395
1972,50.15488776,11143645,49.84511224,11074818,22218463,1.160846567,45.01870118,12.83844654,57.85714773,1.061,1.274676933,1.908751449,1.269535859,1.732033511,1.930114584,2.351284332,8.132953947,1807017,7.226300589,805273,9.045241941,1001744,2.751973213,3.053172649,3.576967627,3.740580106,4.30301206,4.436681496,4.913633537,5.086997552,5.604372336,5.674794937,5.917403659,5.683272197,5.88051443,5.633442334,6.410534089,6.167767071,7.940411986,7.771743384,9.016883899,8.958871381,63.34841373,14075044,63.69149336,7097554,63.00320195,6977490,10.12775974,9.84905149,10.77353432,10.36578975,10.01060963,9.621582836,28.51863232,6336402,29.08220605,3240818,27.95155611,3095584,8.298062093,7.964183527,70.408499,83.246395,1.98,69.49,72.93390244,76.55,18.7,16.7,14.7,7.4,15.9,187.942,100.848,38.45,20933,75864,1.6,22.2,17.5,19.9,4110,7109,5951
1973,50.1137964,11271483,49.8862036,11220294,22491777,1.222616584,43.31227326,12.87293653,56.18520978,1.06,1.268083764,1.950289914,1.260368687,1.74688528,1.978385192,2.390652527,8.242096746,1853794,7.293040176,822034,9.19548314,1031760,2.786202534,3.107655419,3.64546259,3.829842978,4.246201056,4.415100101,5.032793068,5.225671976,5.568308095,5.597132861,5.870224777,5.615457362,5.80825586,5.580126798,6.625309124,6.371006738,8.23517967,8.076151887,9.118436276,9.016095451,64.02654845,14400708,64.39054749,7257770,63.66088876,7142939,10.24037697,9.934302611,10.72205051,10.29569259,9.464266822,9.077656687,27.7313548,6237274,28.31641234,3191680,27.1436281,3045595,8.130094999,7.770278817,70.459584,83.48849,1.89,69.67,73.16268293,76.83,17.7,15.9,13.9,7.4,15.6,189.606,100.432,37.479,13358,110894,1.6,21.1,16.7,18.9,3773,6631,5522
1974,50.07863695,11421920,49.92136305,11386049,22807969,1.396021669,41.6377362,12.90178346,54.53951967,1.058,1.257917982,1.985410084,1.260929145,1.764125513,2.022153936,2.434670319,8.348533379,1904131,7.361279675,840799,9.338897359,1063331,2.820278611,3.154691443,3.709302789,3.922731244,4.196870578,4.40064375,5.112203047,5.322433762,5.530759168,5.511821499,5.792739157,5.53470907,5.791916339,5.574205826,6.861010727,6.594237214,8.493520965,8.309676696,9.307301065,9.179360495,64.70836823,14758665,65.09612746,7435228,64.31938738,7323437,10.30050363,9.969567828,10.59868323,10.15834529,8.958286193,8.574962657,26.94309839,6145174,27.54259287,3145893,26.34171526,2999281,7.985623444,7.608407312,70.728738,83.698291,1.837,69.74,73.23756098,76.91,16.7,15,13.2,7.4,15.4,188.174,97.852,35.852,11410,143497,1.6,19.9,15.9,17.9,3519,6262,5208
1975,50.03779782,11580385,49.96220218,11562890,23143275,1.459424913,40.05104814,12.96294729,53.01399543,1.056,1.248139502,2.024667238,1.275733313,1.789633026,2.05616008,2.475054676,8.471739502,1960638,7.446463729,862329,9.498566575,1098309,2.866430834,3.209211635,3.750784646,3.995499413,4.202892992,4.437815485,5.13576596,5.3569737,5.495979872,5.4247974,5.695066482,5.446450809,5.823218554,5.606208499,7.089342189,6.816809654,8.726161845,8.506601694,9.509439122,9.373819411,65.35349805,15124940,65.76587491,7615942,64.94049725,7508998,10.33722324,9.975521181,10.3559416,9.904678287,8.588948603,8.199470197,26.17476245,6057697,26.78766136,3102114,25.56093618,2955583,7.84277116,7.456787695,71.151025,84.019607,1.824,69.99,73.52170732,77.23,15.7,14.1,12.5,7.3,15.8,184.899,96.673,35.468,16349,130169,1.7,18.8,15,16.9,3357,5988,4991
1976,49.98713,11721886,50.01287427,11727923,23449808,1.315806566,38.56769578,13.08366852,51.6513643,1.056,1.241543007,2.071306265,1.301937069,1.819405795,2.086709983,2.520177498,8.627466178,2023124,7.558632141,886014,9.695749985,1137110,2.928442083,3.284860426,3.755000997,4.027528824,4.275954182,4.542678207,5.12063046,5.330829938,5.471986163,5.346652081,5.599136272,5.364312323,5.910843704,5.683322565,7.356593225,7.079581971,8.86677332,8.631222506,9.660604916,9.523450677,65.94071964,15462972,66.38149667,7781163,65.50016952,7681809,10.36397343,9.97059043,10.00131891,9.544313731,8.344177369,7.934766709,25.43181418,5963712,26.05987119,3054708,24.80408049,2909003,7.714374917,7.325000053,71.746952,84.745233,1.796,70.3,73.85609756,77.59,14.8,13.3,11.8,7.2,15.6,181.014,91.669,33.881,27387,93918,1.7,17.7,14.2,16,3193,5738,4793
1977,49.93147464,11846663,50.06852958,11879181,23725843,1.170256878,37.18025596,13.24401735,50.42427331,1.057,1.239599733,2.11878897,1.335437194,1.851438013,2.12009506,2.580465206,8.804441654,2088928,7.687361878,910696,9.918463643,1178232,2.99222989,3.367771455,3.732589795,4.036233066,4.388707149,4.68601085,5.094083868,5.261672328,5.45743186,5.285514526,5.513953879,5.288609548,6.074191546,5.8270297,7.67662413,7.390731718,8.889917859,8.678787279,9.766245605,9.612292266,66.47863341,15772616,66.94909379,7931234,66.00946083,7841383,10.3553481,9.94257955,9.585109974,9.121724946,8.150626239,7.716189084,24.71692493,5864299,25.36354434,3004734,24.07207553,2859565,7.627808124,7.234161498,72.006522,84.836742,1.782,70.64,74.21560976,77.97,13.8,12.5,11.1,7.1,15.5,179.717,92.53,32.543,29537,53941,1.7,16.7,13.4,15.1,3054,5479,4577
1978,49.87509332,11951670,50.12490668,12011533,23963203,0.995456944,35.85357905,13.43513596,49.28871501,1.054,1.242827888,2.174764779,1.374975437,1.89271731,2.157874464,2.648852628,8.999432221,2156552,7.828002939,935577,10.16502327,1220975,3.05232515,3.448688549,3.697403659,4.033851191,4.506768174,4.82597769,5.076591986,5.182143013,5.432792531,5.230401832,5.468022674,5.24263617,6.288143239,6.019285545,7.952594896,7.668943749,8.898278015,8.724214646,9.851843048,9.664360389,66.98429865,16051583,67.49023034,8066210,66.48088846,7985374,10.31779212,9.889074233,9.124263837,8.654888123,7.970065633,7.519326007,24.01626913,5755067,24.68176672,2949883,23.35408828,2805184,7.587437252,7.179874145,72.567177,85.254585,1.768,70.92,74.5297561,78.32,13,11.7,10.4,7.1,15.2,176.041,88.565,30.431,31295,38018,1.8,15.7,12.5,14.2,2869,5191,4323
1979,49.8288749,12059357,50.1711251,12142187,24201544,0.989698733,34.6141526,13.64206434,48.25621695,1.058,1.250418769,2.23005797,1.413592526,1.941143643,2.199112753,2.714783227,9.20168087,2226949,7.974268065,961645,10.42072069,1265303,3.111144017,3.534735845,3.675672849,4.039175519,4.594606599,4.921888367,5.070629494,5.112004297,5.371683089,5.157856464,5.485375225,5.252753949,6.499568243,6.209773396,8.165714668,7.90067029,8.960610839,8.813742762,9.933206647,9.707195461,67.45079839,16324135,68.0008157,8200461,66.9045331,8123674,10.24374805,9.789472593,8.667843542,8.198225875,7.792702872,7.338083173,23.34752074,5650461,24.02491623,2897250,22.67474622,2753210,7.564369818,7.138437168,73.36693,85.437436,1.754,71.32,74.86634146,78.59,12.3,11,9.7,7,15.4,171.029,89.153,29.009,57913,65954,1.8,14.8,11.8,13.3,2742,4932,4096
1980,49.79463118,12207486,50.20536882,12308181,24515667,1.289594978,33.56501703,13.84692304,47.41194007,1.056,1.265307139,2.287358698,1.444444827,1.989697218,2.244130802,2.778635641,9.393352539,2302843,8.1091132,989919,10.66708538,1312924,3.155230432,3.611393819,3.703429691,4.089465922,4.63098513,4.949848626,5.071256891,5.05382557,5.28347006,5.072519561,5.550687498,5.305749546,6.696101141,6.385068503,8.348756814,8.1130661,9.053878213,8.917537478,10.02297259,9.764114014,67.83710934,16630720,68.43781072,8354536,67.24132236,8276184,10.0762727,9.590127037,8.299999771,7.83101071,7.622845465,7.16703477,22.76953812,5582104,23.45307608,2863031,22.09159227,2719073,7.530230842,7.093546786,74.261192,85.85517,1.74,71.59,75.10219512,78.79,11.5,10.3,9.1,7.1,15.4,163.92,86.248,28.683,92679,101270,1.8,13.9,11.1,12.5,2576,4710,3907
1981,49.76354164,12351269,50.23646239,12468647,24819915,1.233397255,32.78380293,14.03634397,46.82014689,1.055,1.283895477,2.345528412,1.471032893,2.041703925,2.291105329,2.843508109,9.560228929,2372841,8.219733661,1015241,10.88810497,1357599,3.173699962,3.657364524,3.782746821,4.192615893,4.632651114,4.925166881,5.073193322,5.00648434,5.197512975,4.996678117,5.648501192,5.389837503,6.938729056,6.618932349,8.449829277,8.242205305,9.167275747,9.026406416,10.09003488,9.800039265,68.11054326,16904979,68.76362739,8493181,67.46360718,8411799,9.783153001,9.265241108,8.044710376,7.570669484,7.476690419,7.023426046,22.32922781,5542095,23.01663895,2842847,21.64828785,2699249,7.495238158,7.054192321,74.988131,86.120366,1.7,72.01,75.49780488,79.16,10.9,9.7,8.6,7,15.3,159.201,84.326,27.769,96415,89387,1.8,13.1,10.4,11.8,2392,4463,3692
1982,49.73224329,12491219,50.26775671,12625723,25116942,1.189624341,32.24801114,14.21125204,46.45926319,1.054,1.306327388,2.40052877,1.498215952,2.098784511,2.339435165,2.909861887,9.703212166,2437150,8.311014958,1038147,11.08057794,1399003,3.167036453,3.671402769,3.888445973,4.325252002,4.628832469,4.880971345,5.065555284,4.964411867,5.1271844,4.938809492,5.778485643,5.513973325,7.242003926,6.932109523,8.454744134,8.26730845,9.311083248,9.158271893,10.10142349,9.762889752,68.27837201,17149439,68.97844142,8616248,67.58576063,8533191,9.380682855,8.841762978,7.860566077,7.376444071,7.36802179,6.926038816,22.01841582,5530353,22.71054362,2836824,21.33366144,2693529,7.48195575,7.031178549,75.675743,86.577729,1.69,72.33,75.72512195,79.29,10.2,9.2,8.1,7.1,15.1,153.004,82.064,28.062,107591,64523,1.9,12.4,9.9,11.2,2270,4242,3502
1983,49.70025306,12607190,50.299743,12759260,25366451,0.988487567,31.84802617,14.39723418,46.24526034,1.057,1.33733243,2.467702339,1.527921462,2.155266535,2.394412308,2.983973393,9.844582131,2497221,8.400848739,1059111,11.2711086,1438110,3.141182539,3.664166336,3.998716157,4.458905879,4.633243352,4.837245957,5.034973851,4.915602823,5.092822947,4.913282416,5.940788437,5.67867194,7.513158855,7.222840366,8.466167482,8.297871014,9.443973112,9.26587679,10.08633094,9.678356647,68.37828499,17345144,69.12437064,8714641,67.64109145,8630503,8.914195505,8.372437621,7.692378791,7.208373096,7.304524459,6.86712034,21.77713288,5524086,22.47478062,2833438,21.08779994,2690647,7.477877372,7.012306508,76.48075,87.085637,1.68,72.68,76.0604878,79.61,9.7,8.7,7.7,7,15,148.844,78.562,26.886,120947,33942,1.9,11.8,9.4,10.6,2168,4063,3351
1984,49.67044273,12719137,50.32956118,12887917,25607053,0.944034716,31.48464318,14.63607019,46.12071337,1.057,1.372596618,2.544028183,1.562740826,2.209234839,2.453579807,3.06840026,10.01642425,2564911,8.518680685,1083503,11.49455336,1481408,3.129763435,3.672890074,4.085194828,4.556144753,4.644858117,4.796373791,4.974225158,4.851525308,5.103763849,4.928756059,6.119946237,5.858419811,7.725111712,7.454837589,8.549093536,8.403270629,9.528874868,9.306489746,10.04223277,9.566163254,68.43656679,17524588,69.23554794,8806164,67.64804911,8718424,8.46224686,7.926068174,7.517207343,7.05253379,7.277922889,6.829785762,21.54700895,5517554,22.24577138,2829470,20.85739753,2688084,7.450641143,6.975077979,76.96933,87.271115,1.65,73.01,76.33195122,79.82,9.2,8.3,7.4,7,15,142.353,76.412,26.021,112966,24433,1.9,11.2,9,10.1,2089,3914,3226
1985,49.64616826,12829620,50.35382787,13012495,25842116,0.913774275,31.1016605,14.94573828,46.04739879,1.057,1.40572662,2.62180441,1.602117763,2.264326843,2.501606034,3.144154289,10.23348566,2644549,8.677830025,1113333,11.76727857,1531217,3.168379607,3.736993027,4.126209251,4.590044234,4.661425387,4.761290743,4.898083807,4.781731206,5.144040371,4.972265519,6.312091465,6.045120862,7.906255535,7.650442574,8.676688216,8.548539644,9.594924757,9.312532678,9.899456511,9.377949843,68.47092265,17694335,69.332297,8895070,67.6216538,8799264,8.113121704,7.581736493,7.34189794,6.901603147,7.264414705,6.800119323,21.29559169,5503232,21.98987297,2821217,20.61106763,2682014,7.383560328,6.909345164,77.348053,87.239623,1.67,73.02,76.32731707,79.8,8.9,8,7.1,7,14.9,142.122,77.346,24.875,92194,39796,2,10.8,8.7,9.8,1993,3775,3109
1986,49.63365661,12954522,50.36634339,13145756,26100278,0.994040151,30.76037426,15.28578971,46.04616397,1.052,1.432566953,2.691962952,1.642501702,2.323021414,2.527479369,3.192088012,10.46640974,2731762,8.854193306,1147018,12.05517303,1584744,3.251645283,3.84810065,4.139519799,4.577210536,4.672119531,4.727711801,4.823257121,4.714837107,5.222837105,5.049754024,6.556810908,6.287556895,8.014774469,7.775399488,8.823805324,8.691544059,9.663625323,9.31741311,9.608874494,9.068570768,68.4715017,17871252,69.39659758,8989998,67.55986334,8881255,7.870973506,7.349865551,7.19390935,6.768265379,7.251360304,6.774050819,21.06208855,5497264,21.74920911,2817506,20.38496363,2679758,7.30393946,6.842647436,77.633965,87.521801,1.675,73.22,76.46390244,79.87,8.6,7.7,6.8,7.2,14.5,139.846,75.365,24.111,98743,94389,2,10.4,8.4,9.4,1916,3646,3000
1987,49.62686419,13124619,50.37313581,13321982,26446601,1.318167782,30.5708875,15.62773346,46.19862096,1.05,1.46159638,2.758376642,1.684983958,2.383921713,2.531212655,3.210419844,10.68938389,2826979,9.031095257,1185297,12.32310512,1641682,3.353302263,3.970386924,4.151637695,4.545399933,4.664328496,4.68407137,4.75857537,4.651462895,5.361789665,5.179378528,6.849575472,6.58564296,8.044677668,7.836644492,8.978552529,8.817635835,9.70811785,9.319393351,9.17958458,8.65096654,68.40009935,18089501,69.37259745,9104889,67.44200873,8984612,7.67575813,7.171412824,7.105444493,6.678564912,7.244566294,6.758762613,20.91051676,5530121,21.59630729,2834433,20.23488615,2695688,7.246296504,6.797558626,78.221376,87.659817,1.68,73.53,76.77878049,80.19,8.4,7.5,6.6,7.2,14.4,135.672,74.392,23.95,104843,141697,2.1,10.1,8,9.1,1837,3527,2901
1988,49.60987227,13291351,50.39012773,13500396,26791747,1.29662489,30.48431842,15.93778554,46.42210396,1.05,1.4919282,2.825780067,1.73031573,2.445814488,2.516718323,3.202415309,10.88482392,2916234,9.190975304,1221605,12.55244449,1694630,3.452013051,4.078434623,4.162139152,4.499074721,4.631351961,4.619888256,4.72681973,4.611399596,5.541464246,5.346186708,7.113295962,6.860091421,8.091780458,7.919349593,9.117029127,8.917692195,9.716074344,9.315819213,8.686341697,8.205062927,68.29569939,18297611,69.29481793,9210217,67.31205149,9087394,7.50852125,7.017486861,7.064817879,6.623441356,7.242154898,6.751589033,20.81947669,5577902,21.51420677,2859529,20.13550402,2718373,7.207233991,6.760473633,78.553617,87.913607,1.68,73.61,76.85878049,80.27,8.1,7.3,6.4,7.3,14.5,131.239,72.201,24.576,116434,207777,2.1,9.8,7.8,8.8,1815,3444,2839
1989,49.58521026,13525249,50.41478974,13751532,27276781,1.794193515,30.43149223,16.21011555,46.64160778,1.051,1.518628496,2.888692637,1.775971716,2.509717725,2.511463302,3.199343148,11.05423991,3015241,9.333486612,1262377,12.74667806,1752864,3.527423098,4.148924552,4.163882144,4.438133818,4.570445939,4.535125419,4.737709779,4.610868709,5.719518763,5.512948109,7.329399914,7.09523553,8.199285139,8.052283147,9.21664028,8.987834915,9.663843059,9.270458915,8.236174825,7.811322142,68.19347062,18600984,69.20707939,9360430,67.19654086,9240554,7.370179543,6.882330157,7.038831178,6.580824028,7.227713626,6.735743392,20.75228948,5660557,21.459434,2902442,20.05678108,2758115,7.192889199,6.740213655,78.98846,88.123955,1.77,73.92,77.12487805,80.49,7.8,7,6.2,7.3,14.9,130.036,71.749,26.626,135752,223071,2.1,9.5,7.6,8.5,1842,3428,2846
1990,49.57448338,13727739,50.42551662,13963399,27691138,1.507660673,30.42629618,16.49189391,46.9181901,1.054,1.551909385,2.95990589,1.814758335,2.564341852,2.549895188,3.243816563,11.22522162,3108392,9.484256578,1301974,12.9368044,1806418,3.567693669,4.168740098,4.166442849,4.379405473,4.500052932,4.451076874,4.783236044,4.650768004,5.89299045,5.6825551,7.523282634,7.315154398,8.32759794,8.191638521,9.288325109,9.039358717,9.476076964,9.086518219,7.891427243,7.4958333,68.06509313,18847999,69.09946903,9485795,67.0481744,9362204,7.250036859,6.75586579,7.022305912,6.556673001,7.190281554,6.708448155,20.70968525,5734748,21.4162744,2939970,20.0150212,2794777,7.203686931,6.749900045,79.519225,88.472654,1.83,74.3,77.43658537,80.73,7.5,6.8,6,7.3,15,127.319,69.678,27.61,154761,145270,2.1,9.1,7.3,8.2,1854,3421,2858
1991,49.57295645,13898978,50.42704355,14138442,28037420,1.242761231,30.47666989,16.7712964,47.24796629,1.054,1.58956055,3.038367776,1.836629275,2.595243277,2.626549323,3.333723942,11.38983359,3193415,9.634312221,1339071,13.11562161,1854345,3.581573073,4.148286612,4.17446313,4.334034011,4.434431257,4.381936971,4.866210199,4.735880917,6.114028407,5.91184107,7.644531802,7.463571365,8.453673147,8.316102484,9.336196715,9.063739038,9.147328305,8.758384655,7.656790374,7.266155251,67.91265045,19040955,68.96886726,9585968,66.87432284,9454987,7.141213923,6.642677081,7.028888684,6.558493867,7.14243438,6.678040685,20.69751596,5803049,21.39682052,2973939,20.01005555,2829110,7.225497455,6.773520999,80.035906,88.585836,1.72,74.53,77.59341463,80.81,7.3,6.6,5.9,7,14.4,124.704,69.012,26.658,170916,127381,2.1,8.8,7.1,8,1729,3283,2733
1992,49.55142476,14058366,50.44857172,14312897,28371264,1.183675541,30.54106117,17.0288331,47.56989427,1.054,1.632832943,3.125569017,1.841220552,2.604615208,2.713783821,3.437837826,11.53950361,3273903,9.773924557,1374054,13.27368474,1899849,3.586087241,4.105662689,4.178591061,4.29685588,4.379151187,4.332699577,4.989175185,4.863932402,6.392437548,6.204833515,7.66774779,7.514401111,8.585464139,8.437596584,9.337692756,9.045240256,8.749677548,8.37730701,7.488199775,7.096433251,67.76450054,19225645,68.82110164,9675122,66.72668936,9550522,7.052964653,6.557389773,7.053979129,6.570958773,7.098502167,6.638905166,20.69599584,5871716,21.4049738,3009190,19.9996259,2862526,7.252492505,6.78976196,80.337343,88.676957,1.71,74.76,77.83804878,81.07,7,6.4,5.7,6.9,14.1,123.387,68.42,26.245,183723,123633,2.1,8.5,6.9,7.7,1674,3093,2557
1993,49.52444813,14205971,50.47555536,14478794,28684764,1.098930879,30.5235066,17.25153471,47.77504131,1.057,1.68087191,3.220553576,1.834530055,2.599514071,2.795735141,3.533771939,11.67418747,3348713,9.903012453,1406819,13.41198829,1941894,3.591875347,4.058148708,4.168037042,4.256712454,4.359764598,4.323534997,5.141004556,5.024306143,6.656758759,6.487874986,7.694218883,7.566655306,8.712771083,8.544954755,9.312278026,8.999882934,8.332330534,7.985140165,7.333728678,6.941859861,67.67042636,19411102,68.71886853,9762183,66.64173995,9648920,7.007976369,6.510818348,7.075663148,6.584368411,7.058593543,6.594375034,20.65538618,5924949,21.37811902,3036969,19.94627176,2887980,7.243862329,6.767528314,80.55944,88.742698,1.69,74.7,77.70487805,80.86,6.8,6.2,5.5,7.1,13.6,123.68,67.366,25.498,183241,129514,2.2,8.2,6.6,7.4,1614,2942,2426
1994,49.5078411,14357602,50.4921589,14643061,29000663,1.095258107,30.37615138,17.43798994,47.81414132,1.058,1.73037479,3.317535383,1.835469862,2.602881012,2.859869775,3.600432645,11.79724048,3421278,10.0268742,1439619,13.53309446,1981659,3.601159775,4.012245419,4.138466086,4.207486011,4.38299212,4.357582768,5.298927144,5.194435062,6.883824817,6.735219554,7.791260375,7.679399504,8.80833869,8.619472362,9.258322489,8.921374317,7.94054988,7.615592664,7.18396154,6.798708624,67.65252571,19619681,68.69572269,9863058,66.62966526,9756623,7.009079548,6.500394394,7.08098872,6.589287975,7.036261111,6.568403997,20.55023382,5959704,21.27740311,3054925,19.83724028,2904779,7.160153279,6.679548309,80.888027,88.819928,1.69,74.94,77.87170732,80.95,6.6,6,5.3,7.1,13.3,119.16,67.584,25.47,186555,132870,2.1,7.9,6.4,7.2,1578,2800,2309
1995,49.49273326,14502515,50.50726674,14799796,29302311,1.034769484,30.13543177,17.61355795,47.74898973,1.054,1.777494361,3.408485329,1.868097816,2.645605491,2.894364402,3.621757748,11.92127294,3493208,10.15728605,1473062,13.6498269,2020147,3.617329473,3.973978331,4.095280977,4.155205809,4.430835914,4.415584056,5.46039993,5.366282198,7.08806126,6.951869688,7.927740192,7.820615115,8.884781434,8.678517786,9.112542128,8.762846579,7.632033805,7.327658394,7.054945539,6.678303026,67.682357,19832495,68.71736717,9965746,66.66813693,9866748,7.030745986,6.511254277,7.068121464,6.572194083,7.038955071,6.568297045,20.39637005,5976608,21.12534678,3063707,19.68203617,2912901,7.018270248,6.541545045,81.310451,89.026196,1.67,75.07,77.97731707,81.03,6.3,5.8,5.2,7.2,12.9,118.543,66.92,24.651,152110,137472,2.1,7.6,6.2,6.9,1529,2665,2205
1996,49.48911512,14653835,50.51088488,14956383,29610218,1.045311783,29.83477252,17.78477887,47.61955138,1.056,1.812326374,3.480639532,1.93121765,2.727123119,2.909181609,3.609960186,12.04771133,3567354,10.29378589,1508434,13.76615714,2058919,3.641060257,3.948434301,4.045386185,4.107374074,4.504813484,4.49755705,5.678223434,5.588396932,7.223028221,7.093974725,8.076109398,7.969841013,8.951422305,8.727086994,8.854277976,8.50778175,7.424305262,7.13136071,6.96538323,6.585880561,67.74170538,20058467,68.769865,10077423,66.7343441,9981044,7.046915505,6.525090287,7.042415901,6.54230985,7.050073421,6.579970117,20.21058329,5984398,20.93634911,3067978,19.49949877,2916420,6.843859789,6.3772188,81.980537,89.187298,1.63,75.43,78.2202439,81.15,6.2,5.6,5.1,7.2,12.4,113.675,66.074,22.72,138427,150516,2.1,7.4,6,6.7,1458,2519,2088
1997,49.49625456,14802324,50.50374544,15103624,29905948,0.993788591,29.4809459,17.95343223,47.43437813,1.054,1.838647798,3.539118095,2.007989065,2.826123494,2.926834628,3.588028407,12.17723522,3641718,10.43673814,1544880,13.88301129,2096838,3.663266646,3.929741296,4.002574566,4.07306312,4.617880962,4.613524882,5.968608617,5.875459298,7.277185191,7.161274059,8.233019857,8.123905726,8.993108405,8.750247939,8.513581968,8.186611509,7.273429489,6.980491766,6.917192175,6.521457739,67.82678684,20284244,68.85185546,10191675,66.8221672,10092569,7.055274235,6.536131164,7.00921533,6.512124924,7.059922381,6.593549345,19.99597795,5979987,20.7114064,3065769,19.29482151,2914217,6.642268688,6.189147238,82.519211,89.448994,1.57,75.71,78.41243902,81.25,6,5.5,4.9,7.2,11.7,109.35,63.241,20.555,125176,140171,2.1,7.2,5.9,6.5,1360,2363,1958
1998,49.49612557,14925642,50.50387443,15229531,30155173,0.829909353,29.0693711,18.10349607,47.17286717,1.051,1.864342547,3.596671702,2.086359019,2.923908312,2.954311663,3.565777009,12.30083803,3709339,10.57507099,1578397,13.99216943,2130942,3.670057758,3.905812403,3.990194172,4.068588386,4.766628523,4.758462583,6.252378227,6.154392346,7.333450197,7.239650959,8.374245406,8.254541794,9.012745506,8.748213177,8.129250503,7.834591383,7.137538722,6.842946284,6.905971641,6.488585105,67.94730715,20489628,68.97191782,10294502,66.94314138,10195126,7.069514929,6.553169366,6.972996809,6.483336916,7.04979711,6.584970505,19.75185481,5956206,20.45301119,3052743,19.06468919,2903463,6.430217269,5.996381771,83.185288,89.627142,1.56,75.97,78.62365854,81.41,5.9,5.4,4.9,7.2,11.4,105.573,62.681,20.158,119355,126335,1.8611,7,5.8,6.4,1300,2237,1856
1999,49.49749633,15047875,50.50250038,15353410,30401286,0.812842624,28.59098872,18.20085905,46.79184778,1.053,1.893995795,3.663133552,2.153935739,2.998541359,2.986047937,3.54458397,12.39909404,3769484,10.68819804,1608347,14.07594312,2161137,3.654218567,3.869684239,4.010133627,4.095648516,4.928325366,4.912481547,6.491470682,6.396811807,7.440269588,7.371637127,8.477321206,8.343251275,8.994698956,8.70708102,7.773967786,7.501819881,7.018684195,6.720218558,6.931863649,6.494622296,68.12367459,20710473,69.15299692,10406057,67.11483583,10304416,7.086261868,6.571263798,6.946105568,6.469177174,6.986089938,6.523395834,19.47723137,5921329,20.15880504,3033472,18.80922105,2887857,6.226609534,5.816648047,83.397698,89.852381,1.55,76.2,78.83902439,81.61,5.8,5.3,4.8,7.2,11.1,104.145,61.623,19.119,123303,143541,2.1,6.9,5.7,6.3,1259,2155,1795
2000,49.51343422,15193559,50.48656578,15492171,30685730,0.931281553,28.06945722,18.27516895,46.34462617,1.055,1.949456576,3.762173922,2.200819728,3.033312901,3.020919328,3.528531061,12.48776187,3831961,10.79233433,1639740,14.15051,2192221,3.621138701,3.826492119,4.050285268,4.142379772,5.094609383,5.069879347,6.695252522,6.614106733,7.569823573,7.521223439,8.564682042,8.410649172,8.881354328,8.580732344,7.519064514,7.251846812,6.926589164,6.615381671,6.976745946,6.530880723,68.33185791,20968129,69.37041126,10539834,67.3133227,10428295,7.092004522,6.576242691,6.936627102,6.475390261,6.866960516,6.415723167,19.18038021,5885640,19.8372544,3013985,18.53616729,2871655,6.033666786,5.645053865,83.785565,89.979998,1.51,76.64,79.16682927,81.82,5.7,5.3,4.8,7.1,10.7,100.915,61.046,17.452,126991,201617,,6.8,5.6,6.2,1216,2074,1734
2001,49.53455923,15366067,50.46544077,15654835,31020902,1.086350966,27.54544524,18.35087675,45.896322,1.054,2.030463926,3.888993391,2.232341477,3.036972312,3.055622906,3.516535969,12.57802591,3901817,10.8981547,1674618,14.22691029,2227199,3.579726395,3.784408617,4.120727627,4.216540654,5.308231906,5.279099069,6.822158885,6.760996853,7.707343352,7.664958783,8.6444257,8.461194498,8.655912258,8.354478146,7.366819666,7.096102113,6.860450666,6.540249031,7.019592232,6.579790295,68.54182268,21262292,69.58543197,10692544,67.51746377,10569748,7.079769681,6.564054323,6.946564033,6.493136988,6.71873103,6.284002595,18.88015141,5856793,19.51641332,2998905,18.25562595,2857888,5.851118261,5.478486363,84.088665,90.25759,1.54,76.92,79.39804878,82,5.7,5.3,4.8,7.1,10.8,99.426,59.364,16.495,129227,224357,1.8871,6.7,5.6,6.2,1242,2029,1707
2002,49.54740694,15538106,50.45258987,15821972,31360079,1.087447927,27.04796601,18.41863641,45.46660242,1.054,2.110182931,4.009697803,2.262263195,3.029305615,3.080688529,3.502960505,12.66176204,3970739,10.99724851,1708764,14.2964121,2261974,3.54411386,3.754448177,4.236384485,4.331042634,5.581046709,5.557366573,6.867562492,6.829574317,7.862634059,7.807808682,8.700251456,8.486080283,8.3569368,8.064380844,7.258311215,6.980795973,6.816049668,6.505945104,7.059409019,6.628219654,68.7443024,21558268,69.78363551,10843055,67.72361623,10715212,7.045049606,6.53240217,6.972305341,6.517974495,6.551220465,6.129980763,18.59393556,5831073,19.21911598,2986287,17.97997167,2844786,5.695590172,5.332016407,84.432425,90.106167,1.52,77.16,79.53073171,82.02,5.7,5.3,4.8,7.1,10.5,96.835,59.492,15.407,129935,206028,1.8969,6.7,5.6,6.2,1260,2020,1712
2003,49.55135209,15680044,50.44864791,15963984,31644028,0.901372739,26.56804434,18.50663256,45.0746769,1.052,2.186353974,4.121468309,2.296059409,3.0182895,3.088857254,3.482735524,12.75662606,4036710,11.1078181,1741711,14.3761079,2295000,3.536547464,3.75361457,4.389209877,4.478410906,5.840016944,5.829646578,6.920486393,6.903746772,8.010421075,7.929710682,8.739259984,8.496014926,8.019346988,7.741644725,7.142019441,6.865324257,6.793219536,6.506046468,7.10323943,6.673540801,68.93001618,21812234,69.96108053,10969928,67.9172906,10842305,7.003860864,6.493204484,6.97673528,6.523304942,6.363001393,5.956916067,18.31335776,5795084,18.93110137,2968405,17.7066015,2826679,5.591364695,5.226380489,84.548168,90.273003,1.55,77.32,79.71512195,82.23,5.7,5.3,4.8,7.1,10.6,96.936,58.315,14.856,133088,182430,,6.7,5.6,6.2,1298,2020,1722
2004,49.55523165,15828266,50.44476835,16112389,31940655,0.933020777,26.06000784,18.61373419,44.67374204,1.054,2.265642669,4.229120722,2.329573761,3.004401169,3.079297035,3.453354742,12.86600699,4109487,11.23500421,1778306,14.46824892,2331181,3.560490749,3.781372286,4.554299899,4.636953684,6.053465048,6.059371464,7.033969448,7.029515336,8.120643094,8.010266269,8.74925141,8.481064486,7.696396111,7.426831311,7.014173574,6.755707174,6.790711957,6.530290816,7.140002737,6.706399092,69.12104267,22077714,70.14345258,11102492,68.11666177,10975222,6.990539305,6.480262138,6.918779657,6.476786501,6.168294396,5.777807568,18.01295034,5753454,18.6215432,2947467,17.41508931,2805987,5.53446915,5.160495241,84.885244,90.515313,1.56,77.68,79.99219512,82.42,5.7,5.3,4.8,7.1,10.6,94.71,57.049,13.945,141402,193282,1.8971,6.6,5.6,6.1,1309,2024,1735
2005,49.56195565,15980635,50.43804125,16263117,32243753,0.944466927,25.51930533,18.74710349,44.26640882,1.053,2.349419392,4.333393696,2.363902535,2.993637639,3.059331376,3.421126522,12.99478183,4190005,11.38350588,1819157,14.57807066,2370849,3.61085258,3.829912806,4.719941897,4.798090845,6.240161445,6.259727668,7.181283884,7.177779785,8.209749851,8.069981204,8.671979741,8.38809157,7.447241356,7.178893694,6.89029641,6.661922808,6.800253538,6.56857597,7.154005472,6.712199508,69.31620538,22350146,70.32718468,11238731,68.32278632,11111415,7.012271089,6.507523273,6.797629349,6.377389732,5.983000329,5.596785418,17.68901278,5703602,18.28930943,2922748,17.09914301,2780854,5.508679755,5.124967864,85.108081,90.547006,1.58,77.82,80.11268293,82.52,5.6,5.2,4.8,7.1,10.7,94.342,57.113,13.475,147164,204710,,6.6,5.6,6.1,1312,2025,1742
2006,49.56571045,16144134,50.43428648,16427039,32571174,1.010334503,25.01949429,18.94420642,43.96370071,1.055,2.435243329,4.430596404,2.400365056,2.989026383,3.037740071,3.392604918,13.15901574,4286046,11.56912756,1867735,14.72152298,2418310,3.695779099,3.909295273,4.921135815,4.997849879,6.370556288,6.39255942,7.339584983,7.320574902,8.290687709,8.121567002,8.470176859,8.180806182,7.276758819,7.017439979,6.789030448,6.595509762,6.826141328,6.617350763,7.139701593,6.695941185,69.46195556,22624574,70.45408392,11374202,68.48691358,11250372,7.030310081,6.547314503,6.646435118,6.240102106,5.819555232,5.42766687,17.37902869,5660554,17.97678852,2902197,16.79156344,2758357,5.510798171,5.123794467,85.521734,90.854368,1.63,78.29,80.54365854,82.91,5.6,5.2,4.8,7,11,91.811,55.878,13.66,151832,202483,1.9086,6.5,5.5,6,1335,2048,1770
2007,49.56266054,16300676,50.43733641,16588348,32889025,0.971135141,24.62787915,19.20824112,43.83612028,1.051,2.522436058,4.514873484,2.430251919,2.985079985,3.023679066,3.373114349,13.35425346,4392084,11.78806409,1921534,14.89328218,2470549,3.81169705,4.02021436,5.170391617,5.244887775,6.434019469,6.444399725,7.505088716,7.447781364,8.355206435,8.156076132,8.163507385,7.884693706,7.147925444,6.908307624,6.730080702,6.574656532,6.87769382,6.676563328,7.090866381,6.666113824,69.52356745,22865623,70.49032176,11490399,68.57357846,11375224,7.015541787,6.570098449,6.491956505,6.078833,5.690879434,5.296052335,17.1221791,5631318,17.72161415,2888743,16.53313936,2742575,5.538778213,5.158254027,85.59365,90.893478,1.67,78.29,80.54365854,82.91,5.5,5.1,4.7,7.1,11.3,91.755,55.476,14.163,175728,210817,,6.4,5.5,6,1384,2101,1827
2008,49.55954568,16477121,50.44045432,16769997,33247118,1.082907116,24.33148919,19.5227666,43.85425578,1.052,2.608762733,4.58769474,2.445131745,2.973549175,3.032134414,3.375674842,13.57121184,4512037,12.0298707,1982176,15.08563444,2529860,3.943841804,4.148715685,5.406968948,5.476855088,6.49997426,6.492152496,7.65245552,7.546699509,8.39771651,8.170458766,7.80574511,7.554508846,7.02766195,6.81495535,6.716688056,6.594598947,6.9458419,6.74237954,7.029633041,6.636155244,69.51480153,23111668,70.45688783,11609267,68.58916816,11502401,6.974202539,6.560404374,6.329327522,5.90677746,5.598204332,5.204662231,16.91398663,5623413,17.51324147,2885678,16.3251974,2737735,5.585709615,5.213757707,85.825029,90.941643,1.7,78.51,80.72463415,83.05,5.5,5.1,4.7,7.2,11.5,89.926,55.899,14.606,173642,237962,1.959,6.3,5.4,5.9,1410,2144,1871
2009,49.55921931,16666218,50.44078069,16962677,33628895,1.141758099,24.08069169,19.86867944,43.94937113,1.053,2.692321761,4.655189833,2.446902894,2.952806114,3.066659187,3.404956284,13.80254794,4641644,12.28614556,2047636,15.29244792,2594009,4.080261721,4.279495692,5.610433445,5.671933146,6.614317609,6.58378437,7.760556669,7.61454949,8.387820973,8.141630167,7.464795086,7.245479708,6.904075787,6.729086528,6.734755118,6.634521949,7.004457897,6.801399749,6.998403436,6.636516634,69.46886843,23361613,70.3899655,11731345,68.56386951,11630268,6.910349481,6.504967768,6.154938442,5.732685458,5.528926475,5.139257909,16.72858363,5625638,17.32388894,2887237,16.14368257,2738401,5.640024018,5.271739201,86.335353,91.052682,1.69,78.91,81.06609756,83.33,5.4,5,4.6,7.1,11.4,87.755,54.782,14.636,169424,240878,,6.2,5.3,5.8,1415,2151,1877
2010,49.55942883,16852629,50.44057117,17152260,34004889,1.111864075,23.86508787,20.2707839,44.13587177,1.053,2.785414488,4.731264593,2.444692938,2.929791334,3.120646518,3.456019887,14.06366336,4782333,12.5737929,2119015,15.52750735,2663318,4.223038957,4.410431537,5.796927093,5.843544809,6.75657122,6.698892401,7.848332169,7.675298829,8.271853978,8.019510091,7.20280859,7.015726937,6.78333857,6.652261488,6.771408964,6.683111382,7.020124616,6.827954113,7.001558869,6.666968453,69.37898098,23592245,70.28048773,11844110,68.49322261,11748136,6.827563664,6.409954108,5.97762379,5.557262466,5.479931082,5.101396187,16.55735565,5630310,17.14571937,2889504,15.97927004,2740806,5.688164494,5.320611386,86.581013,91.406586,1.65,79.21,81.32219512,83.54,5.3,5,4.6,7,11.2,85.399,52.66,13.964,165544,227724,2.0384,6.2,5.3,5.7,1397,2129,1854
2011,49.56682924,17020916,50.43317367,17318413,34339328,0.978697787,23.72964916,20.80613063,44.53577979,1.053,2.888044617,4.814717218,2.443724861,2.907900319,3.193800443,3.525689157,14.39514192,4943195,12.93487298,2201634,15.83032626,2741561,4.409303063,4.582019567,5.919608175,5.954601226,6.900958677,6.827949633,7.917126497,7.733980619,8.044616598,7.802858107,7.037036286,6.884759263,6.687743384,6.598047982,6.816940995,6.737764201,6.996975945,6.811832197,7.031687462,6.689198149,69.18702071,23758358,70.07310931,11927085,68.31615339,11831274,6.720415294,6.275162011,5.81112697,5.39556882,5.47038337,5.109851159,16.41783737,5637775,16.9920177,2892197,15.85352035,2745578,5.710507362,5.348100371,86.881067,91.513544,1.63,79.39,81.48268293,83.68,5.3,4.9,4.5,7.1,11,82.916,52.671,13.02,164879,228828,,6.1,5.2,5.7,1392,2105,1829
2012,49.58556294,17213242,50.41443706,17500980,34714222,1.085817263,23.70174157,21.48218652,45.18392809,1.057,2.984464716,4.886386085,2.448965213,2.892422775,3.288894446,3.611219508,14.79653228,5136501,13.36845217,2301144,16.20113307,2835357,4.646127797,4.811104698,5.960773481,6.002862254,7.0421985,6.974744871,7.946233042,7.771318744,7.753016067,7.54402516,6.923669805,6.803229784,6.638403361,6.584955787,6.862770488,6.793215327,6.971562036,6.765413273,7.085068108,6.680617723,68.8781468,23910513,69.75571706,12007220,68.01500482,11903292,6.572022176,6.094621896,5.67501582,5.27561484,5.503424032,5.16344606,16.32532092,5667208,16.87583076,2904878,15.78386212,2762331,5.697390912,5.344801216,87.047931,91.474252,1.63,79.61,81.66365854,83.82,5.2,4.8,4.5,7.1,11,82.45,52.44,12.556,163751,245309,2.3962,6,5.2,5.6,1396,2094,1822
2013,49.60504871,17402916,50.39494844,17680037,35082954,1.056591259,23.7486254,22.20541618,45.95404158,1.054,3.070826763,4.940564351,2.470333294,2.895622292,3.406256462,3.713705508,15.21397733,5337513,13.81716812,2404590,16.5888927,2932922,4.8697516,5.039000546,6.001344248,6.066745954,7.168473443,7.112951685,7.948518175,7.787664627,7.436955185,7.274425754,6.814364204,6.724020059,6.626105598,6.602596177,6.908437452,6.8381945,6.961748021,6.708018659,7.123700614,6.63471216,68.5147194,24036987,69.38734356,12075421,67.65577292,11961566,6.397696615,5.906443341,5.5811667,5.205293427,5.55482619,5.234489261,16.27130327,5708454,16.79548832,2922905,15.75533439,2785549,5.659495435,5.315551699,87.097638,91.655561,1.61,79.74,81.74487805,83.85,5.1,4.8,4.4,7.2,10.9,81.208,50.975,11.665,160347,242475,2.4509,5.9,5.1,5.5,1376,2074,1806
2014,49.61463208,17582153,50.38536792,17855282,35437435,1.005337579,23.83711591,22.91781854,46.75493444,1.051,3.149261186,4.980177414,2.508495738,2.919146429,3.535911637,3.825645329,15.61638671,5534047,14.24884204,2505253,16.9630123,3028794,5.055173482,5.238043131,6.095862282,6.186431196,7.264668875,7.219497317,7.925071841,7.776341516,7.141105369,7.024637724,6.700281671,6.645678826,6.627854271,6.630007878,6.941320172,6.85455286,6.973240033,6.65781253,7.10444051,6.539028929,68.14080952,24147355,69.00947554,12133352,67.28543134,12014004,6.235630512,5.751442562,5.520428085,5.17136242,5.607944408,5.303678365,16.24280376,5756033,16.74168242,2943548,15.75155636,2812485,5.613309927,5.276515575,87.122853,91.583078,1.61,79.76,81.78439024,83.91,5.1,4.7,4.4,7.3,10.9,81.436,51.4,10.859,149164,195649,2.4961,5.8,5,5.4,1367,2051,1788
2015,49.61611296,17714395,50.38388704,17988513,35702908,0.746339478,23.96361902,23.62802214,47.59164116,1.051,3.225139598,5.014762764,2.55713675,2.955879956,3.671340648,3.942899816,16.00905303,5715697,14.66908408,2598539,17.32860281,3117158,5.215467081,5.415060277,6.220721696,6.332370442,7.336998481,7.302523888,7.8250634,7.690748571,6.913469463,6.836699261,6.588341973,6.572102363,6.637735924,6.658725686,6.956306321,6.838737783,7.006425077,6.624115239,7.028197448,6.411264598,67.75451452,24190332,68.61874867,12155396,66.90345004,12034936,6.105488885,5.636162213,5.480994116,5.162147391,5.656752426,5.363197374,16.23643245,5796879,16.71216726,2960459,15.76794714,2836419,5.574420713,5.242602378,87.188984,91.621565,1.6,79.84,81.81560976,83.89,5,4.7,4.4,7.4,10.7,81.203,50.736,9.685,135890,232738,2.5388,5.7,5,5.4,1323,2017,1758
2016,49.61927291,17917265,50.38072709,18192222,36109487,1.132348655,24.08113266,24.33297167,48.41410433,1.052,3.298582574,5.048754526,2.620413301,3.010919461,3.839226732,4.103011172,16.3953224,5920267,15.07593012,2701194,17.69477345,3219072,5.317707513,5.532088294,6.344875329,6.472055101,7.380986031,7.355050641,7.615437513,7.500060665,6.756435006,6.709836144,6.490930366,6.507692715,6.667106603,6.690329991,6.970531309,6.811252747,7.056712263,6.619565913,6.946557122,6.309696198,67.37904091,24330226,68.23713686,12226229,66.53391417,12103997,6.007565318,5.558374057,5.467091368,5.174019311,5.683255277,5.392258476,16.22563669,5858994,16.68693302,2989842,15.77131237,2869152,5.536586376,5.205034588,87.066966,91.594127,1.59,79.92,81.92487805,84.03,4.9,4.7,4.3,7.4,10.6,82.791,51.593,8.607,97322,320494,2.3105,5.7,5,5.3,1299,1976,1721
2017,49.63251704,18138320,50.36748022,18406915,36545236,1.199520711,24.12445818,25.02359744,49.14805562,1.055,3.365079001,5.079136797,2.705116282,3.090154854,4.042993703,4.318753527,16.77768971,6131446,15.4664845,2805360,18.06976176,3326086,5.353295512,5.581716584,6.460401493,6.593472576,7.38587938,7.364954885,7.322656102,7.232890718,6.62881501,6.601084664,6.429301075,6.467706102,6.723629257,6.731093051,6.986620013,6.787633786,7.121171693,6.650328331,6.906227431,6.262470294,67.04747089,24502656,67.90124348,12316145,66.20615659,12186511,5.936542029,5.514522184,5.479838524,5.202024636,5.674003242,5.377048356,16.17483939,5911133,16.63227202,3016815,15.72408165,2894318,5.478430255,5.145008655,87.038286,91.722363,1.55,79.75,81.83292683,84.02,4.9,4.6,4.3,7.5,10.3,85.803,51.511,8.054,104768,361274,2.6102,5.6,4.9,5.3,1299,1962,1712
2018,49.6573616,18405543,50.3426384,18659541,37065084,1.412455869,24.09851555,25.70314168,49.80165724,1.052,3.427792154,5.105890609,2.805552036,3.186107084,4.228116557,4.529573938,17.15811508,6359670,15.8461464,2916569,18.4522249,3443100,5.384685654,5.630653268,6.554459774,6.686346618,7.362100363,7.345926343,6.995442813,6.937921826,6.502093718,6.489294122,6.409927719,6.457177453,6.804330225,6.78094544,7.013699293,6.781361112,7.190269228,6.693128771,6.906104325,6.251865159,66.75493707,24742773,67.61176963,12444313,65.90976793,12298460,5.873342167,5.485801086,5.509550192,5.239495522,5.63573061,5.332179572,16.08694786,5962641,16.54208397,3044660,15.63800717,2917980,5.396803172,5.066332077,87.020919,91.83623,1.51,79.8,81.84390244,83.99,4.9,4.6,4.3,7.7,10.1,85.987,51.046,7.094,114101,417974,2.428,5.6,4.9,5.2,1275,1941,1697
2019,49.67979284,18680213,50.32020982,18921018,37601230,1.436136823,24.05256371,26.4248262,50.47738991,1.053,3.495569196,5.141259595,2.911187064,3.289001799,4.3798659,4.708562264,17.5606627,6603025,16.24413398,3034439,18.86043614,3568587,5.457511816,5.721612485,6.619658995,6.749243159,7.309831321,7.298073034,6.694461281,6.667064588,6.381690735,6.386995952,6.424450992,6.472534965,6.893652409,6.828304913,7.069591205,6.806150886,7.231845217,6.710506713,6.901876154,6.242356583,66.45516649,24987960,67.31869934,12575276,65.6026237,12412684,5.791641032,5.441392906,5.546489736,5.278346576,5.585312466,5.277525664,15.98417081,6010245,16.43716668,3070498,15.53694016,2939747,5.305364481,4.981067919,87.415997,92.046647,1.47,80.18,82.22878049,84.38,4.8,4.5,4.2,7.6,9.9,82.604,49.747,6.888,101757,391914,2.435,5.5,4.8,5.2,1251,1897,1659
2020,49.68906169,18885404,50.31093831,19121762,38007166,1.073795827,24.00180311,27.25389587,51.25569898,1.054,3.574249058,5.19973258,3.026790581,3.404487728,4.523932223,4.874551749,18.0184266,6848293,16.69598697,3153105,19.32451999,3695189,5.571015113,5.845747935,6.685784357,6.808983325,7.218184306,7.204554908,6.487200358,6.479123067,6.290945517,6.31336276,6.472070123,6.514418117,6.967400067,6.85854748,7.135351782,6.841107171,7.238331394,6.684800146,6.841946864,6.210580615,66.11321105,25127758,66.98226631,12649872,65.25489788,12477886,5.645051545,5.339420296,5.576106329,5.305751504,5.529108851,5.217146659,15.86836235,6031115,16.32174671,3082428,15.42058212,2948687,5.216531533,4.897683962,87.50366,91.972007,1.41,79.49,81.6704878,83.96,4.8,4.5,4.2,8.1,9.5,93.763,53.608,6.985,109214,195181,2.433,5.5,4.7,5.1,1271,1878,1645
2021,49.6920457,18995529,50.3079543,19230969,38226498,0.575421916,23.93077168,28.17124556,52.10201724,1.054,3.672683437,5.290071282,3.179147201,3.564346372,4.63505655,4.998448555,18.52128365,7080038,17.19150036,3265616,19.83478671,3814422,5.704613174,5.981920506,6.754441428,6.865910852,7.065214009,7.04843489,6.372099777,6.374428849,6.236414166,6.273243676,6.543985271,6.572454314,7.015836387,6.866509966,7.195440761,6.867270581,7.227621658,6.633514467,6.700079631,6.136338275,65.74534821,25132144,66.62042196,12654902,64.88098779,12477243,5.509288868,5.242881925,5.582034099,5.307208552,5.465351646,5.14991764,15.73336814,6014316,16.18807768,3075011,15.28422549,2939305,5.140691939,4.827099299,88.46397,92.558089,1.43,80.621,82.59660976,84.671,4.7,4.4,4.1,7.8,9.6,,,6.978,130125,195181,2.464,5.4,4.7,5,1274,1873,1646
